{
  "norm_stats": {
    "state": {
      "mean": [
        0.09297888725996017,
        -0.06117142736911774,
        0.08777230978012085,
        -0.1192144975066185,
        0.5840457677841187,
        -0.42344164848327637,
        0.5195105075836182,
        0.08451717346906662,
        0.06257160753011703,
        0.08548926562070847,
        0.16198179125785828,
        0.5565575361251831,
        0.47636109590530396,
        0.4346991777420044
      ],
      "std": [
        0.1105116605758667,
        0.06891494989395142,
        0.06960754841566086,
        0.2368869185447693,
        0.34917449951171875,
        0.3279608488082886,
        0.9689776301383972,
        0.10790305584669113,
        0.06825297325849533,
        0.0672924742102623,
        0.26347845792770386,
        0.34275022149086,
        0.33333176374435425,
        0.8815973997116089
      ],
      "q01": [
        -0.08524559195041657,
        -0.2669878667473793,
        -0.05090398007631301,
        -0.7172890204429625,
        -0.14255081957578658,
        -1.284833535337448,
        0.052640785890817665,
        -0.09888222959041595,
        -0.033684445369243615,
        -0.043880013823509215,
        -0.3726562737941741,
        -0.12992310687303543,
        -0.15992463026046755,
        0.04836798877120019
      ],
      "q99": [
        0.38494167270660395,
        0.05440756667852398,
        0.2289173192083836,
        0.3614784457206728,
        1.3598680112123491,
        0.25830622038841256,
        4.18363156593144,
        0.38319250257015225,
        0.2689613611638546,
        0.24254864752292632,
        0.783861895990372,
        1.3463890905022622,
        1.3735163838386537,
        4.022904148733616
      ]
    },
    "actions": {
      "mean": [
        -0.000641710008494556,
        0.0008081221021711826,
        -0.002665320411324501,
        0.004317436832934618,
        -0.008815630339086056,
        0.008730818517506123,
        0.5154860019683838,
        -0.0005006699939258397,
        -0.0008615111582912505,
        -0.0026702070608735085,
        -0.005174805875867605,
        -0.008384480141103268,
        -0.00962101761251688,
        0.43373340368270874
      ],
      "std": [
        0.07736772298812866,
        0.05026673898100853,
        0.05676406994462013,
        0.1649891883134842,
        0.2340291142463684,
        0.24016886949539185,
        0.9648277163505554,
        0.07075314968824387,
        0.050243064761161804,
        0.05823364853858948,
        0.15202617645263672,
        0.2286677360534668,
        0.225686177611351,
        0.8801845908164978
      ],
      "q01": [
        -0.2562189809679985,
        -0.1800596787571907,
        -0.16560705231428147,
        -0.49039691848754874,
        -0.7193059209108353,
        -0.7178020564079288,
        0.052640785890817665,
        -0.23835035359859463,
        -0.16595740997791292,
        -0.176923983335495,
        -0.5404008655548096,
        -0.7270572715759277,
        -0.7134085392951968,
        0.04836798877120019
      ],
      "q99": [
        0.2243536323904992,
        0.15832687464952466,
        0.17263644948005674,
        0.5001940933227536,
        0.7486946051359173,
        0.7145650633811949,
        4.178550396460295,
        0.21598732193708425,
        0.17111944043636318,
        0.18060139689445498,
        0.4615199874877933,
        0.7091611849308017,
        0.6781205904006962,
        4.018811962211132
      ]
    }
  }
}