{
  "norm_stats": {
    "state": {
      "mean": [
        0.0950179398059845,
        -0.059049829840660095,
        0.1201946884393692,
        -0.07598122209310532,
        0.49747225642204285,
        -0.42035168409347534,
        0.515322208404541,
        0.10351435840129852,
        0.07559001445770264,
        0.1128154844045639,
        0.11686257272958755,
        0.4710114002227783,
        0.47098925709724426,
        0.6187748908996582,
        -0.0011960073607042432,
        -0.7922837734222412,
        0.24721787869930267
      ],
      "std": [
        0.09154641628265381,
        0.0642872080206871,
        0.09251797199249268,
        0.23663559556007385,
        0.343631774187088,
        0.35801854729652405,
        1.0631299018859863,
        0.09265992790460587,
        0.0736474022269249,
        0.09515075385570526,
        0.251631498336792,
        0.33426323533058167,
        0.3649198114871979,
        1.1092184782028198,
        0.007858197204768658,
        0.21131537854671478,
        0.18700478971004486
      ],
      "q01": [
        -0.08743441832065582,
        -0.2648356651842594,
        -0.08610452666878698,
        -0.664203859567642,
        -0.16291942481994626,
        -1.4050449533462523,
        -0.05176651868522167,
        -0.06925313757658005,
        -0.0299387735962868,
        -0.12788902160525323,
        -0.7364827428340912,
        -0.13793321239948275,
        -0.1768123031616211,
        -0.021212325477600102,
        -0.0025077488064766396,
        -0.999028257997334,
        -6.318092346191406e-6
      ],
      "q99": [
        0.34677401287555687,
        0.03145075000524522,
        0.3326772171258926,
        0.6643226053714755,
        1.275377256011963,
        0.2582308776855471,
        4.401339669498801,
        0.35444269611835477,
        0.2850680643856525,
        0.34386214410066607,
        0.8124947056293488,
        1.24699500644207,
        1.4584789566040035,
        4.402648015213012,
        -0.00009942458868028581,
        -0.3454432203546167,
        0.46972654315233225
      ]
    },
    "actions": {
      "mean": [
        -0.00007541685044998303,
        0.00009513857366982847,
        -0.0005448185256682336,
        0.000506548851262778,
        -0.0008197017596103251,
        0.0012112277327105403,
        0.5150895118713379,
        -0.000055377651733579114,
        -0.00010261889110552147,
        -0.0005504150176420808,
        -0.00047461356734856963,
        -0.0008358453051187098,
        -0.0012791970511898398,
        0.6186478137969971,
        2.293830618782522e-7,
        -0.001431925455108285,
        -0.0002935502852778882,
        0.011592201888561249,
        -0.003255693009123206,
        0.003868786385282874
      ],
      "std": [
        0.03453376144170761,
        0.02456662803888321,
        0.03591546043753624,
        0.10247991979122162,
        0.11719009280204773,
        0.11863578855991364,
        1.0630098581314087,
        0.037862665951251984,
        0.02942032180726528,
        0.04012535884976387,
        0.11856584250926971,
        0.12513528764247894,
        0.12375712394714355,
        1.1091769933700562,
        0.0011981334537267685,
        0.02651379629969597,
        0.009572857990860939,
        0.03946174308657646,
        0.03037709929049015,
        0.047007352113723755
      ],
      "q01": [
        -0.1397352952301502,
        -0.0942687518894672,
        -0.11889890480041504,
        -0.3088178844451912,
        -0.44108809094429013,
        -0.4369721275329592,
        -0.05176651868522167,
        -0.14901125159263612,
        -0.11197026948928834,
        -0.12780279219150542,
        -0.35786652297973554,
        -0.4755792989730836,
        -0.438645343780518,
        -0.021212325477600102,
        -0.0015448549270630219,
        -0.038412885570526134,
        -0.04473515918850898,
        -0.10223536586761472,
        -0.10040148735046395,
        -0.14153593754768368
      ],
      "q99": [
        0.1178949471831322,
        0.08877357965707783,
        0.1395911083221435,
        0.2839059906005854,
        0.44869319734573376,
        0.4022679738998409,
        4.401339669498801,
        0.12911272910237315,
        0.11128084776401514,
        0.15068393160104754,
        0.34805028648376535,
        0.45023208761215194,
        0.43516526794433563,
        4.402648015213012,
        0.0014509203433989981,
        0.0014189804553985663,
        0.030778922307491297,
        0.10072786426544189,
        0.10059414100646968,
        0.1407622289657593
      ]
    }
  }
}